{
  "source": "reports\\predictions_oxford.csv",
  "ons_dsc_benchmark_note": "ONS Data Science Campus (2021) 'Using Machine Learning to Predict Energy Efficiency' reports 57% within 5 SAP points and 93% within 15 SAP points as the UK national benchmark.",
  "overall": {
    "n": 12095,
    "qwk": 0.7695849172500705,
    "accuracy": 0.6999586606035552,
    "balanced_accuracy": 0.5838096667908752,
    "macro_f1": 0.5499539280757729,
    "mae_band_units": 0.31591566763125256,
    "linear_weighted_kappa": 0.6521927299670649,
    "score_mae": 4.043774286895411,
    "score_rmse": 5.779547947465843,
    "score_r2": 0.6787622978073362,
    "within_5": 0.7135179826374535,
    "within_10": 0.9245142620917735,
    "within_15": 0.9765192228193469
  },
  "per_report_type": {
    "rt_100": {
      "n": 10700,
      "qwk": 0.7058958158308553,
      "accuracy": 0.7037383177570093,
      "balanced_accuracy": 0.5349855131766825,
      "macro_f1": 0.4924673950009274,
      "mae_band_units": 0.3133644859813084,
      "linear_weighted_kappa": 0.5999497688976794,
      "score_mae": 3.980893457943925,
      "score_rmse": 5.774654144274037,
      "score_r2": 0.5969324398752758,
      "within_5": 0.7241121495327103,
      "within_10": 0.9223364485981308,
      "within_15": 0.9750467289719627
    },
    "rt_101": {
      "n": 1395,
      "qwk": 0.5782037403411848,
      "accuracy": 0.6709677419354839,
      "balanced_accuracy": 0.3773361949430714,
      "macro_f1": 0.2442987982498501,
      "mae_band_units": 0.33548387096774196,
      "linear_weighted_kappa": 0.4472188212821516,
      "score_mae": 4.526086021505376,
      "score_rmse": 5.816947745619588,
      "score_r2": 0.43471350581826684,
      "within_5": 0.632258064516129,
      "within_10": 0.9412186379928316,
      "within_15": 0.9878136200716846
    }
  },
  "per_class_f1_bootstrap_ci": {
    "A": {
      "mean": 0.2699163968105986,
      "ci_low_2.5": 0.21263732072017089,
      "ci_high_97.5": 0.3291158896139633,
      "ci_width": 0.11647856889379243
    },
    "B": {
      "mean": 0.6897700288747908,
      "ci_low_2.5": 0.6710066541203966,
      "ci_high_97.5": 0.707970405027222,
      "ci_width": 0.036963750906825354
    },
    "C": {
      "mean": 0.7756296728045367,
      "ci_low_2.5": 0.7671878530542345,
      "ci_high_97.5": 0.7839738570205458,
      "ci_width": 0.016786003966311247
    },
    "D": {
      "mean": 0.6702683391938183,
      "ci_low_2.5": 0.6571004441620787,
      "ci_high_97.5": 0.6831403114479839,
      "ci_width": 0.026039867285905238
    },
    "E": {
      "mean": 0.45024844733603153,
      "ci_low_2.5": 0.4195684041182859,
      "ci_high_97.5": 0.48152884139651947,
      "ci_width": 0.06196043727823358
    },
    "F": {
      "mean": 0.3537598539298223,
      "ci_low_2.5": 0.25806451612903225,
      "ci_high_97.5": 0.4500082781456954,
      "ci_width": 0.19194376201666313
    },
    "G": {
      "mean": 0.6310269217256698,
      "ci_low_2.5": 0.44995689655172416,
      "ci_high_97.5": 0.7894736842105263,
      "ci_width": 0.33951678765880217
    }
  },
  "confidence_proxy_quartiles": [
    {
      "quartile": 1,
      "n": 3013,
      "confidence_range": [
        0.0,
        0.213
      ],
      "qwk": 0.6520931001762436,
      "accuracy": 0.5429804181878526
    },
    {
      "quartile": 2,
      "n": 3032,
      "confidence_range": [
        0.213,
        0.483
      ],
      "qwk": 0.7424200730314716,
      "accuracy": 0.7034960422163589
    },
    {
      "quartile": 3,
      "n": 3006,
      "confidence_range": [
        0.483,
        0.745
      ],
      "qwk": 0.815820039829765,
      "accuracy": 0.7714570858283433
    },
    {
      "quartile": 4,
      "n": 3044,
      "confidence_range": [
        0.745,
        1.0
      ],
      "qwk": 0.845581116407891,
      "accuracy": 0.7812089356110381
    }
  ],
  "score_reliability": {
    "slope": 0.7865924508188227,
    "intercept": 16.245107334830497,
    "n_bins_with_data": 10
  }
}