{
  "1a_dummy_stratified": {
    "acc": 0.32377015295576683,
    "bal_acc": 0.14785832998001933,
    "macro_f1": 0.13681017784302094,
    "qwk": 0.002946179872108212,
    "per_class_f1": {
      "A": 0.0,
      "B": 0.09300476947535771,
      "C": 0.4432914618605498,
      "D": 0.3273657289002558,
      "E": 0.07666824420255561,
      "F": 0.017341040462427744,
      "G": 0.0
    }
  },
  "1b_dummy_most_frequent": {
    "acc": 0.5143447705663498,
    "bal_acc": 0.14285714285714285,
    "macro_f1": 0.09704239852743893,
    "qwk": 0.0,
    "per_class_f1": {
      "A": 0.0,
      "B": 0.0,
      "C": 0.6792967896920725,
      "D": 0.0,
      "E": 0.0,
      "F": 0.0,
      "G": 0.0
    }
  },
  "1c_age_only_lr": {
    "acc": 0.2312525837122778,
    "bal_acc": 0.3072875494227367,
    "macro_f1": 0.11919576766525146,
    "qwk": 0.33095834858095274,
    "per_class_f1": {
      "A": 0.11733072598386703,
      "B": 0.021883920076117985,
      "C": 0.26283367556468173,
      "D": 0.42029800393590105,
      "E": 0.0,
      "F": 0.0,
      "G": 0.012024048096192385
    }
  },
  "1d_full_logreg": {
    "acc": 0.32616783794956594,
    "bal_acc": 0.45496699782627675,
    "macro_f1": 0.2522913188787831,
    "qwk": 0.4327113235957972,
    "per_class_f1": {
      "A": 0.3856613102595797,
      "B": 0.40078817733990146,
      "C": 0.5077579922940748,
      "D": 0.08818978855079938,
      "E": 0.08191126279863481,
      "F": 0.03857280617164899,
      "G": 0.2631578947368421
    }
  },
  "2a_rf": {
    "acc": 0.6887143447705664,
    "bal_acc": 0.5069051599736321,
    "macro_f1": 0.5140499193866701,
    "qwk": 0.707966953355978,
    "per_class_f1": {
      "A": 0.24802110817941952,
      "B": 0.5756880733944955,
      "C": 0.7751702042450941,
      "D": 0.6632440682669627,
      "E": 0.40150375939849625,
      "F": 0.3125,
      "G": 0.6222222222222222
    }
  },
  "2b_hgb": {
    "acc": 0.6768912773873501,
    "bal_acc": 0.5572718535718901,
    "macro_f1": 0.4528174315352746,
    "qwk": 0.7199465869766711,
    "per_class_f1": {
      "A": 0.10884353741496598,
      "B": 0.6760247052217855,
      "C": 0.7751418256833419,
      "D": 0.6406861269936804,
      "E": 0.35403726708074534,
      "F": 0.14130434782608695,
      "G": 0.47368421052631576
    },
    "stratum_rt100_qwk": 0.6562774907756408,
    "stratum_rt101_qwk": 0.4377215131228429
  },
  "2c_lgbm": {
    "acc": 0.6808598594460521,
    "bal_acc": 0.5424202621805557,
    "macro_f1": 0.5088573181977345,
    "qwk": 0.7417499083086864,
    "per_class_f1": {
      "A": 0.15723270440251572,
      "B": 0.6674556213017752,
      "C": 0.7441607821835958,
      "D": 0.671877001921845,
      "E": 0.4300341296928328,
      "F": 0.3252032520325203,
      "G": 0.5660377358490566
    }
  },
  "3a_rf_expv": {
    "acc": 0.6600248036378669,
    "bal_acc": 0.3984690360179045,
    "macro_f1": 0.3920064404116993,
    "qwk": 0.6794861250081745,
    "per_class_f1": {
      "A": 0.0,
      "B": 0.5672251736820597,
      "C": 0.7314344720764134,
      "D": 0.6510348127766479,
      "E": 0.4358600583090379,
      "F": 0.3584905660377358,
      "G": 0.0
    }
  },
  "3b_hgb_expv": {
    "acc": 0.675155022736668,
    "bal_acc": 0.5609962909593287,
    "macro_f1": 0.4918281299849549,
    "qwk": 0.7411237311676862,
    "per_class_f1": {
      "A": 0.11267605633802817,
      "B": 0.6773997569866342,
      "C": 0.7632875747976064,
      "D": 0.6385275394409078,
      "E": 0.3914750420639372,
      "F": 0.273224043715847,
      "G": 0.5862068965517241
    }
  },
  "3c_lgbm_expv": {
    "acc": 0.6890450599421248,
    "bal_acc": 0.5307216170704797,
    "macro_f1": 0.5146726251776174,
    "qwk": 0.7547913754402784,
    "per_class_f1": {
      "A": 0.16286644951140064,
      "B": 0.6782449725776966,
      "C": 0.7508335586194467,
      "D": 0.676081200353045,
      "E": 0.4524822695035461,
      "F": 0.27350427350427353,
      "G": 0.6086956521739131
    }
  },
  "4a_ensemble_argmax": {
    "acc": 0.7047540305911534,
    "bal_acc": 0.5612918328708931,
    "macro_f1": 0.511596060256568,
    "qwk": 0.7519872676177095,
    "per_class_f1": {
      "A": 0.125,
      "B": 0.6799878897971541,
      "C": 0.7783157530693412,
      "D": 0.6866403377366199,
      "E": 0.432505036937542,
      "F": 0.3120567375886525,
      "G": 0.5666666666666667
    }
  },
  "4b_ensemble_expv": {
    "acc": 0.6919388176932617,
    "bal_acc": 0.5161460257334982,
    "macro_f1": 0.515016310186872,
    "qwk": 0.7431509661068858,
    "per_class_f1": {
      "A": 0.11307420494699646,
      "B": 0.6704697986577182,
      "C": 0.7630817775440442,
      "D": 0.6711769211130968,
      "E": 0.4456094364351245,
      "F": 0.34710743801652894,
      "G": 0.5945945945945946
    }
  },
  "5_regression_to_band": {
    "acc": 0.6907813145928069,
    "bal_acc": 0.5575199793754024,
    "macro_f1": 0.5199843085529408,
    "qwk": 0.7559732685283573,
    "per_class_f1": {
      "A": 0.10869565217391304,
      "B": 0.6529649595687331,
      "C": 0.7667216101327319,
      "D": 0.6684073107049608,
      "E": 0.4497731691510045,
      "F": 0.35502958579881655,
      "G": 0.6382978723404256
    },
    "regression_mae": 4.097138432302474,
    "regression_r2": 0.6693475875674524
  },
  "6_hgb_rt_weighted": {
    "acc": 0.6339809838776354,
    "bal_acc": 0.5516086909805309,
    "macro_f1": 0.4139771171393102,
    "qwk": 0.6752277664199553,
    "per_class_f1": {
      "A": 0.11333333333333333,
      "B": 0.6492119979664464,
      "C": 0.6911204268292683,
      "D": 0.6543019062339,
      "E": 0.28545454545454546,
      "F": 0.11909650924024641,
      "G": 0.3853211009174312
    },
    "stratum_rt100_qwk": 0.5947121972015221,
    "stratum_rt100_n": 10700,
    "stratum_rt101_qwk": 0.4181184668989548,
    "stratum_rt101_n": 1395
  },
  "7_hgb_calibrated": {
    "acc": 0.7135179826374535,
    "bal_acc": 0.5190185591010646,
    "macro_f1": 0.47220444016611696,
    "qwk": 0.7276498941195241,
    "per_class_f1": {
      "A": 0.25888324873096447,
      "B": 0.6427514792899408,
      "C": 0.80032,
      "D": 0.6899072251897667,
      "E": 0.37796610169491524,
      "F": 0.1308411214953271,
      "G": 0.40476190476190477
    }
  },
  "7_hgb_calibrated_expv": {
    "acc": 0.7029350971475816,
    "bal_acc": 0.5438860255778258,
    "macro_f1": 0.5349876026784055,
    "qwk": 0.7440472145842452,
    "per_class_f1": {
      "A": 0.2572178477690289,
      "B": 0.6320575975748389,
      "C": 0.782367758186398,
      "D": 0.6829585337319641,
      "E": 0.4284666177549523,
      "F": 0.33962264150943394,
      "G": 0.6222222222222222
    }
  },
  "__champion_bootstrap_ci": {
    "name": "5_regression_to_band",
    "per_class_f1_ci": {
      "A": {
        "mean": 0.10731715676730817,
        "ci_low": 0.0576437587657784,
        "ci_high": 0.15673642599697707
      },
      "B": {
        "mean": 0.6524489066330266,
        "ci_low": 0.6311552547401604,
        "ci_high": 0.671104329375369
      },
      "C": {
        "mean": 0.766660419091329,
        "ci_low": 0.7578259255737886,
        "ci_high": 0.775098372020548
      },
      "D": {
        "mean": 0.6684852490594598,
        "ci_low": 0.6567829843345443,
        "ci_high": 0.6806210983679915
      },
      "E": {
        "mean": 0.4504349069771779,
        "ci_low": 0.41939564451698813,
        "ci_high": 0.48290762981243235
      },
      "F": {
        "mean": 0.35629892923503703,
        "ci_low": 0.2644584727715242,
        "ci_high": 0.4498705806223895
      },
      "G": {
        "mean": 0.6277071209067974,
        "ci_low": 0.44708333333333333,
        "ci_high": 0.7808879573170732
      }
    }
  }
}