{
  "1_unified": {
    "label": "unified",
    "overall": {
      "n": 12095,
      "qwk": 0.7559732685283573,
      "bal_acc": 0.5575199793754024,
      "macro_f1": 0.5199843085529408,
      "acc": 0.6907813145928069
    },
    "rt_100": {
      "n": 10700,
      "qwk": 0.7058958158308553,
      "bal_acc": 0.5349855131766825,
      "macro_f1": 0.4924673950009274,
      "acc": 0.7037383177570093
    },
    "rt_101": {
      "n": 1395,
      "qwk": 0.5172845004796491,
      "bal_acc": 0.37713561147277863,
      "macro_f1": 0.19592818946898577,
      "acc": 0.5913978494623656
    }
  },
  "2_stratified": {
    "label": "stratified",
    "overall": {
      "n": 12095,
      "qwk": 0.7676677163768992,
      "bal_acc": 0.5878584982603817,
      "macro_f1": 0.5608459300697815,
      "acc": 0.7035965274906987
    },
    "rt_100": {
      "n": 10700,
      "qwk": 0.6987804274356051,
      "bal_acc": 0.5314953168060728,
      "macro_f1": 0.5036107852579013,
      "acc": 0.7078504672897197
    },
    "rt_101": {
      "n": 1395,
      "qwk": 0.5782037403411848,
      "bal_acc": 0.3773361949430714,
      "macro_f1": 0.2442987982498501,
      "acc": 0.6709677419354839
    }
  },
  "3_hybrid": {
    "label": "hybrid",
    "overall": {
      "n": 12095,
      "qwk": 0.7695849172500705,
      "bal_acc": 0.5838096667908752,
      "macro_f1": 0.5499539280757729,
      "acc": 0.6999586606035552
    },
    "rt_100": {
      "n": 10700,
      "qwk": 0.7058958158308553,
      "bal_acc": 0.5349855131766825,
      "macro_f1": 0.4924673950009274,
      "acc": 0.7037383177570093
    },
    "rt_101": {
      "n": 1395,
      "qwk": 0.5782037403411848,
      "bal_acc": 0.3773361949430714,
      "macro_f1": 0.2442987982498501,
      "acc": 0.6709677419354839
    }
  },
  "4_seed_stability": {
    "seeds": [
      {
        "seed": 42,
        "qwk": 0.7695849172500705,
        "bal_acc": 0.5838096667908752,
        "macro_f1": 0.5499539280757729,
        "acc": 0.6999586606035552,
        "fit_seconds": 36.094574213027954
      },
      {
        "seed": 123,
        "qwk": 0.7712116710699732,
        "bal_acc": 0.565241336229003,
        "macro_f1": 0.5511135764229957,
        "acc": 0.716246382802811,
        "fit_seconds": 43.68303656578064
      },
      {
        "seed": 2026,
        "qwk": 0.7734564987077116,
        "bal_acc": 0.5886526331621201,
        "macro_f1": 0.5769369217437453,
        "acc": 0.7126085159156677,
        "fit_seconds": 45.71325135231018
      }
    ],
    "qwk_mean": 0.7714176956759183,
    "qwk_std": 0.0019439959746560085,
    "qwk_min": 0.7695849172500705,
    "qwk_max": 0.7734564987077116
  }
}