{
  "n_trials": 8,
  "best_inner_cv_qwk": 0.8438912592471391,
  "best_params": {
    "max_iter": 425,
    "learning_rate": 0.1358198535217987,
    "max_leaf_nodes": 71,
    "min_samples_leaf": 39,
    "l2_regularization": 0.7800932022121826,
    "max_features": 0.5779972601681014
  },
  "elapsed_seconds": 1908.0085945129395,
  "holdout": {
    "accuracy": 0.6833402232327408,
    "balanced_accuracy": 0.5507226172596057,
    "macro_f1": 0.4666710774460359,
    "qwk": 0.7188846220072918,
    "confusion": [
      [
        18,
        215,
        25,
        1,
        1,
        1,
        0
      ],
      [
        14,
        1172,
        257,
        21,
        18,
        6,
        0
      ],
      [
        10,
        502,
        4701,
        845,
        122,
        40,
        1
      ],
      [
        3,
        15,
        792,
        2062,
        550,
        78,
        6
      ],
      [
        0,
        1,
        22,
        132,
        267,
        103,
        7
      ],
      [
        0,
        0,
        0,
        2,
        23,
        28,
        10
      ],
      [
        0,
        0,
        0,
        0,
        1,
        6,
        17
      ]
    ],
    "per_class": {
      "A": {
        "precision": 0.4,
        "recall": 0.06896551724137931,
        "f1-score": 0.11764705882352941,
        "support": 261.0
      },
      "B": {
        "precision": 0.6152230971128609,
        "recall": 0.7876344086021505,
        "f1-score": 0.690834070144415,
        "support": 1488.0
      },
      "C": {
        "precision": 0.8109366913920993,
        "recall": 0.7556662915929915,
        "f1-score": 0.782326510234648,
        "support": 6221.0
      },
      "D": {
        "precision": 0.673196212863206,
        "recall": 0.5881346263548203,
        "f1-score": 0.6277972294108692,
        "support": 3506.0
      },
      "E": {
        "precision": 0.27189409368635437,
        "recall": 0.5018796992481203,
        "f1-score": 0.3527080581241744,
        "support": 532.0
      },
      "F": {
        "precision": 0.10687022900763359,
        "recall": 0.4444444444444444,
        "f1-score": 0.1723076923076923,
        "support": 63.0
      },
      "G": {
        "precision": 0.4146341463414634,
        "recall": 0.7083333333333334,
        "f1-score": 0.5230769230769231,
        "support": 24.0
      },
      "accuracy": 0.6833402232327408,
      "macro avg": {
        "precision": 0.4703934957719454,
        "recall": 0.5507226172596057,
        "f1-score": 0.4666710774460359,
        "support": 12095.0
      },
      "weighted avg": {
        "precision": 0.7099005167204139,
        "recall": 0.6833402232327408,
        "f1-score": 0.6893449526997415,
        "support": 12095.0
      }
    }
  }
}